appname,freq,correct_appname
nan,7330,
whatsapp,1841,
instagram,1662,
tiktok,473,
ethica,416,
whatsapp ,306,
safari,269,
youtube,267,
instagram y,248,instagram
whatsapp y,239,whatsapp
snapchat,208,
spotify,181,
e whatsapp,179,whatsapp
a whatsapp,119,whatsapp
orologio,104,
foto,98,
hay day,93,
a tiktok,92,tiktok
whatsapp 5,88,whatsapp
qd whatsapp,80,whatsapp
whatsapp x,78,whatsapp
e whatsapp y,72,whatsapp
instagram 5,70,instagram
cf tiktok,67,tiktok
oe youtube,60,youtube
ethica ,56,
galleria,55,
x snapchat,55,snapchat
q whatsapp,51,whatsapp
whatsa,51,whatsapp
s ethica,50,ethica
g  google ,50,google
a,49,
musica,48,
cs tiktok,45,tiktok
onefootball,40,
cf,38,
r ethica,38,ethica
g,37,
youtube y,37,youtube
messaggi,36,
instagram ,36,
zenly ,35,
0d tiktok,34,tiktok
dashboard,34,
note,33,
oq whatsapp,32,whatsapp
ad whatsapp,32,whatsapp
imposta i timer per le,31,
app,31,
orologio y,31,orologio
internet samsung,31,
eo  youtube,30,youtube
ch tiktok,30,tiktok
onedrive ,28,
chrome,28,
c  tiktok,27,tiktok
oo google play store ,27,google play store
netflix,27,
snapchat ,26,
twitter,26,
google,26,
8 snapchat,25,snapchat
wattpad,25,
tiktok y,25,tiktok
clock,24,
google ,24,
c  instagram,23,instagram
orologio ,23,
life360 ,22,
fot,22,
safari y,21,safari
gs google,21,google
o youtube,20,youtube
whatsapp 4,20,whatsapp
discord,20,
twitch,20,
life360,20,
c tiktok,20,tiktok
spotify 5,19,spotify
a tiktok y,19,tiktok
od whatsapp,19,whatsapp
verwendet,19,
notifiche,19,
youtube music,19,
telefono,18,
ethi,18,ethica
youtube ,18,youtube
j,18,
a fotocamera,18,
f,18,
notifiche ricevute,18,
spotify y,17,spotify
gmail ,17,
quizlet,17,
galleria ,17,
ct tiktok,17,tiktok
puoi impostare timer giornalieri x,16,
o ethica ,16,ethica
youtube 5,15,youtube
mobile ffs,15,
foto y,15,foto
tiktok x,15,tiktok
a whatsapp y,15,whatsapp
cd tiktox,15,tiktok
musica y,15,musica
google play store ,15,
youtube music ,15,
messaggi y,15,messaggi
melee,15,
ethica y,14,ethica
oo whatsapp,14,whatsapp
io whatsapp,14,whatsapp
s,14,
r ethica y,14,ethica
snapchat y,14,snapchat
gmail,14,
oe youtube y,13,youtube
pinterest,13,
a snapchat,13,snapchat
x snapchat y,13,snapchat
telegram,13,
telegram ,13,telegram
disney,13,
visualizza altro,12,
onefootball ,12,
spotify r,12,spotify
traduttore,12,
0 tiktok,12,tiktok
pingo ,12,
instagram 4,12,instagram
3  snapchat ,12,snapchat
photos,11,
h tiktok,11,tiktok
fotocamera,11,
ttranteh,11,
x snapchat x,11,snapchat
rat snapchat,11,snapchat
gs google y,11,google
instagram x,11,instagram
2 whatsapp,11,whatsapp
0 netflix,11,netflix
photomath,11,
e spotify,11,spotify
oe whatsapp,10,whatsapp
a fotocamera y,10,fotocamera
mail,10,
c  instagram ,10,instagram
shortcuts,10,
e whatsapp x,10,whatsapp
pp,10,
music,10,
esound,10,
ey orologio,10,orologio
eo youtube,10,youtube
1  attivazione schermo totale,9,attivazione schermo totale
0d tiktok 5,9,tiktok
safari x,9,safari
youtube x,9,youtube
o,9,
cd tiktok,9,tiktok
galleria 2,9,galleria
e youtube,9,youtube
hay day y,9,hay day
a7,9,
stumble guys,9,
i,9,
he,9,
kx snapchat,9,snapchat
ethica 5,9,ethica
t tiktok,9,tiktok
o snapchat ,9,snapchat
o spotify,9,spotify
clash of clans,9,
an,9,
zoner antivirus ,8,
d whatsapp,8,whatsapp
safari 5,8,safari
oo,8,
snapchat x,8,snapchat
d  tiktok,8,tiktok
on whatsapp,8,whatsapp
mete,8,
clash royale,8,
youtube vanced,8,
game launcher ,8,
r  ethica,8,ethica
eo  youtube ,8,youtube
th,8,
pok mon go,8,
promemoria,8,
o chrome,8,chrome
g  google,8,google
w wattpad,8,wattpad
x snapchat 5,8,snapchat
4 puoi impostare timer giornalieri x,8,
impostazioni,8,
spotify ,8,spotify
calcolatrice,7,
that level again,7,
s whatsapp ,7,whatsapp
fari,7,
s  fotocamera,7,fotocamera
afari,7,safari
es genshin impact,7,genshin impact
s  whatsapp ,7,whatsapp
spotify 2,7,spotify
g  telegram ,7,telegram
ss ethica,7,ethica
viki,7,
e  youtube music ,7,youtube music
co ethica ,7,ethica
ay,7,
call of duty,7,
s clock,7,clock
google y,7,google
e  youtube,7,youtube
zs clash royale,7,clash royale
5  fotocamera,7,fotocamera
youtube vanced ,7,
y,7,
info liceobellinzona ch,7,
4  onefootball,7,onefootball
o ethica,7,ethica
1 7,7,
yt music q,7,youtube music
y onefootball,7,onefootball
eo youtube y,6,youtube
es whatsapp,6,whatsapp
am whatsapp,6,whatsapp
o messaggi,6,messaggi
7 tiktok,6,tiktok
3 whatsapp ,6,whatsapp
gs google  ,6,google
ea whatsapp,6,whatsapp
soundcloud,6,
solitario,6,
t,6,
o tiktok,6,tiktok
q,6,
e  ethica ,6,ethica
f tiktok,6,tiktok
tellonym,6,
a8,6,
a6,6,
a1,6,
tiktok ,6,tiktok
tiktok 5,6,tiktok
oe  youtube,6,youtube
tiktox,6,tiktok
outlook ,6,
e  youtube music,6,youtube music
be,6,
settings,6,
dq whatsapp,6,whatsapp
cf tiktok ,6,tiktok
0d tiktok y,6,tiktok
co ethica,6,ethica
oo google play st    ,6,google play store
sblocchi,6,
musica 5,6,musica
w,6,
1 tiktok,6,tiktok
mostra i siti visitati,6,
memo vocali,6,
2  youtube,6,youtube
hay day 5,6,hay day
ts castle crush,6,castle crush
i whatsapp,6,whatsapp
snapchat 5,6,snapchat
browser fm,6,
e,6,
x eurosport,5,eurosport
whatsapp r,5,whatsapp
2 tiktok,5,tiktok
a5,5,
cb tiktok,5,tiktok
e  clash royale,5,clash royale
od tiktok,5,tiktok
ma whatsapp,5,whatsapp
ae,5,
rm  whatsapp,5,whatsapp
s whatsapp,5,whatsapp
pes 2021,5,
ch,5,
g  clash of clans,5,clash of clans
chrome r,5,chrome
s ethica y,5,ethica
j tiktok,5,tiktok
e  chrome,5,chrome
spotif,5,spotify
ww,5,
aniyomi,5,
bubble rainbow,5,
sudoku,5,
ay tiktok,5,tiktok
q pp,5,
d  whatsapp,5,whatsapp
ww wattpad,5,wattpad
e  youtube ,5,youtube
last day on earth  survival,5,
puoi impostare timer giornalieri,5,
g google,5,google
o whatsapp,5,whatsapp
cooking fever,5,
e  ethica,5,ethica
safar,5,safari
os tiktok,5,tiktok
orologio 5,5,orologio
happy color,5,
onedrive,5,
ss rider,4,
ao,4,
fitbit,4,
melke,4,
fm  whatsapp,4,
qd whatsapp y,4,
db legends,4,
c  melee,4,
genshin impact,4,
samsung music,4,
qs  whatsapp,4,
4a nessuna 0,4,
codycross,4,
r   whatsapp,4,
dc tiktok,4,
salute,4,
27 marzo,4,
yubo,4,
r eurosport,4,
spotify x,4,
4 onefootball,4,
i snapchat,4,
a  instagram,4,
instagram 2,4,
youtube r,4,
ct,4,
al,4,
we,4,
3 whatsapp,4,
os,4,
messaggi x,4,
jc tiktok,4,
f  smoq games 22,4,
helix jump x,4,
es ethica,4,
es animalrestaurant,4,
helsana coach,4,
facebook,4,
scacchi,4,
itesso ,4,
istrip,4,
camera ,4,
on,4,
google x,4,
vy twitter,4,
a nessuna 0,4,
wa fotocamera y,4,
reverso context,4,
so game launcher ,4,
a instagram,4,
whatsapp   2,4,
smartthings ,4,
gs googie,4,
ee,4,
paint by number,4,
7 whatsapp,4,
fw whatsapp,4,
roblox,4,
outlook,4,
7 whatsapp 4,4,
a castle crush,4,
gallery,4,
0  instagram ,4,
snapenat,4,
galaxy store ,4,
g  orologio ,4,
0 tiktok y,4,
in whatsapp,4,
wa fotocamera,4,
c,4,
0 netflix y,4,
neuron,4,
25 marzo,4,
a 19,4,
legions,3,
e  chrome   ,3,
sunrise upc tv,3,
c   tiktok,3,
amerigo,3,
video star,3,
7 promemoria,3,
e ethica,3,
google maps,3,
oo pp,3,
oe whatsapp y,3,
cs ttok,3,
happy color x,3,
cs tio,3,
ai,3,
q quizlet,3,
hash music player,3,
madfut,3,
impostazioni y,3,
2  youtube ,3,
24 marzo,3,
lnstaqc ge,3,
c  fotocamera,3,
o  youtube,3,
a 11,3,
gs google ,3,
ethica 7,3,
dom,3,
hay da,3,
em youliihe,3,
b tiktok,3,
d,3,
2  whatsapp,3,
office,3,
qd pp,3,
a 20,3,
yan mobile ffs,3,
vas episode,3,
melt,3,
m mail,3,
lep s world 3,3,
of tiktok,3,
studysmarter,3,
qq whatsapp ,3,
me whatsapp,3,
s  whatsapp,3,
os ethica,3,
galleria a,3,
to,3,
cc  instagram,3,
co youtube ,3,
impostazioni x,3,
fm whatsapp,3,
co youtube,3,
football tv,3,
io whatsapp 4,3,
mr whatsapp y,3,
samsung notes,3,
minecraft,3,
4g,3,
a2,3,
q  orologio ,3,
safari   y,3,
p,3,
co,3,
fotos,3,
0 tiktok 5,3,
whatsapp j,3,
tiktok 2,3,
cmai,3,
music y,3,
tiktok com,3,
p tiktok,3,
whatsapp   y,3,
phone,3,
gallery ,3,
s tiktok,3,
a impostazioni,3,
sbb mobile,3,
firefox,3,
calendario,3,
7   ethica,3,
traduttore y,3,
tabs,3,
pt,3,
a 4,3,
7 24,3,
tc  tiktok,3,
os whatsapp,3,
ts castle crush ,3,
capcut,3,
f facebook,3,
oo netflix,3,
f droid ,3,
ft tiktok,3,
g  telegram,3,
zi clash royale,3,
oa whatsapp,3,
geometry lite,3,
sc  instagram,3,
tellonym y,3,
9  smartthings ,3,
oo 17,2,
oh,2,
i  tiktok,2,
moice memos,2,
ne 10,2,
moodle edu ti ch,2,
oo whatsapp y,2,
e  duolingo,2,
moodle,2,
e  chrome r,2,
ds tiktok,2,
rthica,2,
melie,2,
safa,2,
s pp,2,
i tiktok,2,
comandi rapidi,2,
helix jump,2,
cs  tiktok,2,
s  instagram,2,
s  fotocamera y,2,
meteoswiss,2,
messaggi 5,2,
s  143,2,
musica i,2,
converterblack y,2,
converterblack,2,
i 53,2,
messaggi ,2,
cy safari,2,
memo vocali y,2,
dp,2,
ome,2,
s mtal  ers,2,
hi,2,
ry ethica,2,
d whatsapp 5,2,
ne,2,
oo google     ,2,
hoyolab,2,
depop,2,
oo discord   4,2,
onan ln  ee   eeee,2,
dict leo org,2,
clock 5,2,
s 25,2,
galleria   2,2,
maps,2,
gi instagram,2,
genius scan,2,
io twitch,2,
pinterest y,2,
flow free,2,
oc youtube 4,2,
fitbit 5,2,
play store,2,
fishdom,2,
files,2,
oc,2,
poel discord 5,2,
feel discord,2,
instagram z,2,
fe,2,
oe fotocamera y,2,
j tiktok y,2,
fancade,2,
j z,2,
f3 chess,2,
if tiktok,2,
f facebook 5,2,
f  tiktok,2,
preview ffs,2,
f  chess,2,
gen sh tidebitafereeie x,2,
ge,2,
h tiktok   y,2,
oe  youtube ,2,
g snapchat,2,
in,2,
oto music ,2,
g google 2,2,
outlook q,2,
in ram,2,
safa 5,2,
g  orologio,2,
oy,2,
in tiktok,2,
oy hay day,2,
p last day on earth  survival,2,
instagram s,2,
fthica,2,
imovie,2,
phone 5,2,
instagram   2,2,
oe 13,2,
od tiktok y,2,
oe 32,2,
free music,2,
instagram j,2,
photos y,2,
ig google,2,
orologio j,2,
o snapchat,2,
o pp,2,
rc  cstimer net,2,
life360 j,2,
r  snapchat,2,
o  instagram,2,
lock,2,
ee 72,2,
ee 26,2,
ee 243,2,
ns,2,
ee 15,2,
lut,2,
notes,2,
or,2,
ke,2,
re,2,
ea  onedrive ,2,
e youtube y,2,
gs soogie,2,
gx snapchat,2,
e snapchat 5,2,
gy snapchat,2,
e impostazioni,2,
rm whatsapp,2,
e fotocamera,2,
madfut y,2,
o  youtube ,2,
en,2,
qj o 0,2,
gs,2,
ethica x,2,
ethica s,2,
onefootball 5,2,
ethica 4,2,
l telefono,2,
orologio 2,2,
q maps ,2,
google 5,2,
es mobile ffs,2,
google ch y,2,
ie genshin impact,2,
legions r,2,
es,2,
o bhs,2,
q whatsapp 7,2,
eo youtube ny,2,
eo youtube ,2,
eo whatsapp,2,
qd  whatsapp,2,
eo chrome,2,
leri  29 marzo,2,
life360 5,2,
ene note,2,
i 20,2,
moodle x,2,
st tiktok,2,
4 puoi impostare timer giornalieri,2,
aq pp,2,
aq min,2,
widgetsmith,2,
4h,2,
ao whatsapp,2,
star walk 2,2,
whatsapp i,2,
whatsapp c,2,
streamingcommunity icu,2,
whatsapp a,2,
stumble guys y,2,
6  spotify   2,2,
6  tiktok,2,
swiss ice hockey y,2,
6 tiktok,2,
7,2,
whaisapp,2,
7  clash royale,2,
we whatsapp,2,
ss sport ch ,2,
as,2,
c  3,2,
ss ethica y,2,
by,2,
26 marzo,2,
bolt,2,
board kings,2,
2e board kings,2,
bn,2,
wps office,2,
300,2,
37m,2,
4,2,
4   onefootball,2,
4  hay day,2,
ba,2,
spotify   2,2,
4  onefootball x,2,
4  whatsapp,2,
wo,2,
ss,2,
4 onefootball x,2,
ag,2,
afar 7,2,
tcs,2,
te,2,
a imetanram,2,
a hay day y,2,
a hay day,2,
a golf battle,2,
township,2,
a  whatsapp,2,
a 12,2,
a 93,2,
translate,2,
a 122,2,
a 14,2,
tu cooking fever,2,
a 7 balls go high,2,
a 7,2,
vee episode,2,
twitter ,2,
a 39,2,
a 34,2,
a 32,2,
a instagram   a,2,
tn moodle y,2,
tn moodle,2,
8,2,
teams,2,
ae hay day,2,
telefono 5,2,
telefono y,2,
watt,2,
telegram x,2,
want pizza,2,
tf tiktok,2,
aa tiktok,2,
tmin,2,
thidmin,2,
ticrx,2,
8h,2,
w wattpad y,2,
9 orologio ,2,
a settings,2,
tiktok z,2,
w telefono,2,
smai,2,
a 27,2,
cf  tiktok,2,
cats soup,2,
cf   tiktok,2,
safari j,2,
2 ethica,2,
2 aprile,2,
scuola,2,
0 simcity y,2,
sc  instagram ,2,
1   vlc,2,
1 aprile,2,
ca  it astro seek com,2,
calcolatrice y,2,
15m,2,
youtube 4,2,
x tiktok,2,
y  hay day y,2,
2  hay day,2,
samsung internet,2,
c  google ch y,2,
22 marzo,2,
wa business y,1,
wa camera,1,
ome note,1,
w twitch,1,
youtube i,1,
onogram co,1,
mw netflix,1,
on 126,1,
on 1a,1,
wa 9,1,
on 248,1,
wa business,1,
on ee ee ed ce ce eee ei oa ta,1,
on 309,1,
w we  fotocamera,1,
on hay day,1,
on hay day 5,1,
my daily planner r,1,
on impostazioni x,1,
w twitch x,1,
w warped,1,
wa camera y,1,
my mini mart 5,1,
ona 140,1,
wa,1,
ond 132,1,
on tiktok,1,
nstagram,1,
om whatsapp,1,
om twitch,1,
oe youtube   i,1,
wd whatsapp 5,1,
we 33,1,
we mail,1,
we mel,1,
we netflix,1,
oe coloring match 5,1,
mz mail,1,
mz wet y,1,
we real racing 3 ,1,
yd,1,
oe chrome,1,
oe brawl stars,1,
oe 67,1,
n tiktok,1,
oe youtube 4,1,
oe youtube 5,1,
mywellness,1,
offline raver,1,
om 19,1,
oo   39,1,
om  3til,1,
oll s gs,1,
youtube   2,1,
wa fotocamera 5,1,
offline player y,1,
way wattpad,1,
offline player,1,
youtu ee,1,
water sort puzzle,1,
ye hay day 5,1,
my mini mart y,1,
oe youtube i,1,
w telefono x,1,
oo 91,1,
youtube vanced th15m,1,
vayllo,1,
oq messaggi,1,
oq galleria ny,1,
ve  clash royale,1,
ve  episode y,1,
oq galleria 2,1,
oq ethica ,1,
oq ethica,1,
oq arsespp,1,
oq  pp,1,
zedge,1,
ve episode,1,
mpostaziont,1,
mr whatsapp,1,
op tiktok x,1,
zd clash royale,1,
oq pp,1,
oq whatsapp 5,1,
ven 11 mar,1,
oqafar,1,
v  235,1,
v  30,1,
zs  hay day,1,
v  38 4,1,
v  ep 14,1,
v  ne 14,1,
zenl,1,
v  ne ao,1,
val ra ntramn,1,
orer,1,
mpostazion,1,
or 3   6,1,
vartiiha,1,
vas,1,
vas episode y,1,
op tiktok   2,1,
oo zalando,1,
oo 108,1,
z,1,
w  real racing 3 th18m,1,
oo google play store,1,
yt music,1,
oo google play sto    ,1,
yr n,1,
w  real racing 3 th33m,1,
ypt,1,
w  whatsapp,1,
w 13,1,
w 33,1,
w mappe,1,
oe 55,1,
oo 86,1,
oo 20,1,
w p,1,
w  real racing 3 ,1,
oo messaggi,1,
vlc,1,
w  real racing 3,1,
zc tiktok,1,
ms,1,
mth 10,1,
vorcaal 5,1,
voveusnse 8,1,
vv,1,
vy,1,
vy  36 4,1,
oo tiktok,1,
mult anm,1,
oo netflix ,1,
vy twitter   a,1,
vy twitter y,1,
musi,1,
w   keynote,1,
oe 60,1,
oe 19,1,
yas,1,
words  ladders ,1,
not,1,
wootifiche,1,
word,1,
y  150,1,
o photos,1,
o netflix,1,
o messaggi y,1,
o messaggi x,1,
y  240 4,1,
wow,1,
wp,1,
o melke,1,
y   whatsapp,1,
o melee,1,
o guitar tuner,1,
o game launcher ,1,
nonogram com,1,
no 3,1,
woe ee ee 255,1,
o youtube 5,1,
oa 61,1,
oa 51,1,
oa 44,1,
oa 289,1,
oa 24,1,
oa 171,1,
wo 38,1,
oa 110,1,
wo 414,1,
nl legions 4,1,
nn ixpand drive,1,
y  193,1,
o7,1,
o2,1,
nn oe oer,1,
o foto,1,
note 4,1,
o ethica 4,1,
xs,1,
ww wattpad y,1,
wx facetime,1,
xq whatsapp,1,
o  s12  cbd 5,1,
xd tiktok y,1,
o  orologio ,1,
o  orologio,1,
wy,1,
o  14,1,
wy tiktok,1,
o   9,1,
o      84,1,
x,1,
notitiche ricevute,1,
nu,1,
ww p,1,
ww attpad   y,1,
wps office 5,1,
ww 15,1,
wpwery,1,
wr,1,
o brawl stars,1,
ws   125,1,
ws 15,1,
ws whatsapp ,1,
wt,1,
o bes,1,
o 77,1,
o 68,1,
o 52,1,
o 50,1,
wv,1,
o 135,1,
o 11,1,
oa 72,1,
oa 83,1,
oe 44,1,
y 0  2,1,
whatsapp   ny,1,
whatsapp   x,1,
oe   az min,1,
y 16,1,
oe,1,
od whatsapp y,1,
whatsapp   z,1,
ne 13,1,
wnsster,1,
whatsapp 2,1,
ne 184,1,
ne 191,1,
whatsapp es y,1,
ne 236,1,
whatsapp s,1,
whatsapp th4m,1,
whatsapp   i,1,
oe  youtube y,1,
y te,1,
whatsapp   a,1,
we telefono,1,
oe 25,1,
nt 132,1,
nachrichten,1,
oe 174,1,
yao,1,
oe 123,1,
webtoon,1,
wf rhotifiche,1,
oe 122,1,
y twitter,1,
whateapp   3,1,
oe 11,1,
oe 10,1,
whatsa   ,1,
od pp,1,
whatsapp thi1m,1,
ne 29,1,
wlsge,1,
y  onefootball,1,
wm 130,1,
nett,1,
oc youtube   4,1,
oc whatsapp,1,
oc google maps,1,
wm whatsapp,1,
obiettivi personali,1,
oahiottiut norennal,1,
y  44 4,1,
wnatsape y,1,
oa ra 0,1,
oa 93,1,
oa 92,1,
wnotifiche,1,
netflix x,1,
netflix ,1,
od 92,1,
y  uo,1,
od 132,1,
ne 52,1,
od 120,1,
nee 27,1,
orm 10,1,
whatsapp z,1,
wi fotocamera 5,1,
neta  2,1,
od 109,1,
od  whatsapp,1,
oc youtube y,1,
oc youtube ny,1,
oc youtube music,1,
oc youtube a,1,
y  whatsapp,1,
safar    y,1,
os tiiktok,1,
orologi,1,
so whatsapp ,1,
so 30,1,
so 67,1,
rm tiktok,1,
so instagram,1,
rk sul ol,1,
riseofkingdoms,1,
ricrx,1,
reverso context ubersetzer,1,
res snapchat,1,
sone note,1,
react y,1,
re th 2tmin,1,
soap2dayhd ru 5,1,
social,1,
re snapchat,1,
re 6,1,
re 45,1,
soe   25,1,
so 3,1,
rn,1,
so 247,1,
rn lomail liceobellinzona ch,1,
sn 195,1,
sn note,1,
rthic,1,
snabenat,1,
snapchat 32,1,
snapchat 7,1,
snapchat e,1,
rs 12,1,
rrr 138,1,
snapehat,1,
snapenet,1,
so 151,1,
roto,1,
ronee 18,1,
rologio,1,
so 19,1,
rn safari,1,
re 26,1,
sonos,1,
sn 12,1,
r  whatsapp,1,
r whatsapp ,1,
r mi dallers,1,
r matal  ers y,1,
r mata  ers,1,
r i dal ors,1,
spotify x  ,1,
spotty,1,
r ethica x,1,
ss   81,1,
re 133,1,
r  rthice,1,
r  mtal  ers  y,1,
r  instagram ,1,
r  ethica y,1,
ss  shein,1,
r   episode,1,
ques  1  33 1111,1,
ss instagram ,1,
ra  snapchat 5,1,
spotify 7,1,
ra telegram,1,
ra whatsapp   a,1,
soundbrenner,1,
soundcloud 4,1,
soundcloud x,1,
re 13,1,
soundcorset accordatore e,1,
sous note,1,
rc cstimer net,1,
spazio giochi,1,
rat snapchat y,1,
spotify   x,1,
ras snapchat,1,
spotify  o,1,
spotify 4,1,
rankila clec,1,
ral,1,
rae   episode   y,1,
rae    episode x,1,
sn 13,1,
rtnica,1,
v  101,1,
se 108,1,
sater,1,
sbb mobile y,1,
s madal  ers,1,
s ethica x,1,
sd rtnice y,1,
se,1,
s ethica 7,1,
se  spotify ,1,
s clock tht1m,1,
se 74,1,
s a,1,
s 49,1,
s 40,1,
s 3 tiles,1,
se 15,1,
se 2,1,
s 2,1,
s 132,1,
satan y,1,
s peysee,1,
s rthica,1,
s rthice y,1,
sab,1,
safar 5,1,
saad 10,1,
safari   x,1,
safari 7,1,
safari a y,1,
safari ee,1,
s tif,1,
s slomanlia,1,
safari sem,1,
safarl,1,
s shein 5,1,
s shein,1,
s s genshin impact,1,
s rtniea,1,
salt  salt tv,1,
samsung health,1,
se 5,1,
se ethica,1,
smartthings,1,
siena 27,1,
s   234 player games,1,
s    instagram,1,
s    happy color,1,
si calendario,1,
ry snapenat,1,
ry snapchat,1,
si notifiche,1,
sie,1,
ry   hogwarts mystery,1,
se real racing 3 ,1,
signal ,1,
sis bper banca,1,
ry,1,
rx whatsapp,1,
slomaniia,1,
slomanlia,1,
rv  smart tv 32,1,
smamicmaalia,1,
shein j,1,
shein,1,
s   4,1,
shazam ,1,
se ve,1,
s  instagram   a,1,
se whatsapp ,1,
security,1,
security y,1,
see 33,1,
s  a3,1,
sen a,1,
s  94,1,
s  53,1,
s  50,1,
s  30,1,
s  15,1,
sf tiktok,1,
shazam,1,
s  14,1,
s  134,1,
qq whatsapp,1,
qq  whatsapp,1,
qo orologio 2,1,
p   episode,1,
tiomobile,1,
paysafecard,1,
pashboard,1,
tirtok,1,
pages,1,
pa hogwarts mystery,1,
titeseo ,1,
p   tiktok,1,
oz whatsapp,1,
tr moodle,1,
tn twitch,1,
to a3,1,
tomb of the mask,1,
tomin,1,
ow 4 istrip,1,
ovolas,1,
total ,1,
township 5,1,
pe  google play store ,1,
pe 33,1,
tio tiomobile,1,
timettree,1,
pinterest 5,1,
thimin,1,
thsmin,1,
thtmin,1,
pingo,1,
ticinonews,1,
tietok y,1,
tih brr min,1,
photos x,1,
photos 1,1,
tikt,1,
tiktok   5,1,
photomath y,1,
photomath x,1,
photomath 5,1,
tiktok th2m,1,
tiktok thi2m,1,
tp attivazione schermo totale,1,
ou zombie tsunami,1,
ss whatsapp ,1,
os  reverso context,1,
os 43,1,
ue 31  3911,1,
os 37,1,
uk 24,1,
os 240,1,
os 19,1,
uk 53,1,
uo impostazioni,1,
up se,1,
oto y,1,
updated today at 18 33,1,
updated today at 21 03,1,
us   10,1,
us 50,1,
orologio   5,1,
us 90,1,
usic,1,
v,1,
u telefono,1,
os 86,1,
u p rc,1,
u,1,
traduci,1,
oto 7,1,
traduttore pons,1,
ot tiktok,1,
traduttore x,1,
ot clash royale,1,
translate google  it x,1,
trebedit,1,
tt aa,1,
os tiktok y,1,
tt note,1,
tw twitch,1,
os tiktok 5,1,
safar  5,1,
os instagram,1,
os foto,1,
twitter 5,1,
theemin,1,
the min,1,
thatmin,1,
sy   an 0 0 1,1,
sudoku com,1,
sweatcoin,1,
switchcraft,1,
q qquizlet,1,
sx cap,1,
sx vap,1,
q marzo,1,
sy,1,
sy  ne,1,
that level again y,1,
q 71,1,
t  foto,1,
t  melke  5,1,
t  mete,1,
q  whatsapp ,1,
t  mete  7 y,1,
t 126,1,
t 53,1,
q traduttore,1,
sualver,1,
q whatsapp   y,1,
q whatsapp 5,1,
qi,1,
ssnotifiche,1,
qd whatsapp 7 y,1,
st,1,
qd whatsapp 5,1,
qd pp p,1,
staglra   z,1,
stagra  2,1,
staqla z,1,
qa oo 8,1,
sticker maker,1,
stn note 5,1,
stop motion,1,
q4,1,
stop motion studio,1,
q whatsapp y,1,
stremio,1,
q  sare,1,
t f,1,
t fifa mobile,1,
telegram   ,1,
potify,1,
pone 54,1,
tempo di uo sblocchi,1,
text or die,1,
poel discord,1,
poe  discord,1,
po 14,1,
po,1,
player gr x,1,
tg castle crush ,1,
th im,1,
player gr 5,1,
th9imin,1,
thabmin,1,
thadimin,1,
plantie,1,
plague inc,1,
potify   y,1,
pp   3,1,
t telefono,1,
telefono x,1,
t telefono y,1,
t tiktok y,1,
tae ae,1,
tait min,1,
taqomin,1,
tc  melee,1,
prime app utilizzate dopo l attivazione,1,
tcs 5,1,
tcs y,1,
tea,1,
preview ff,1,
preferiresti,1,
teams x,1,
telefon,1,
pp m,1,
telefono ,1,
pp ae,1,
s  tiktok,1,
0,1,
mons innvesting com,1,
aggiornato  oggi  12 04,1,
all ge,1,
all  4,1,
alin an,1,
alhateann,1,
al 3am af,1,
akg,1,
aim,1,
aig clash royale,1,
ai tiktok,1,
aggiornato  oggi  12 50,1,
aggiornato  oggi  12 31,1,
aggiornato  oggi  12 07,1,
afhateann,1,
am,1,
afficher plus,1,
afarl,1,
afari y,1,
afari 7,1,
afari   5,1,
afar  ve,1,
afar   y,1,
afar,1,
ae translate,1,
ae subway surf,1,
ae solitario klondike,1,
ae rise of cultures   a,1,
alpaatceann,1,
am tiktok,1,
ae mobile ffs,1,
ann 142,1,
as animalrestaurant,1,
art puzzle,1,
arcobaleno,1,
ar as weenl er,1,
aq,1,
apcut,1,
ap 14,1,
ap,1,
aoe 15,1,
ao snapchat,1,
ao min,1,
ao 5,1,
aniyomi th15m,1,
amaze,1,
angepasst,1,
anessuna 0,1,
ane 196,1,
an whatsapp a,1,
an whatsapp,1,
an traduci y,1,
an mobile rs,1,
an 417,1,
an 23,1,
an 224,1,
an 14,1,
an     1 of  7 1      se,1,
ae mobile mfs,1,
ae clash royale y,1,
at,1,
a safari,1,
a whatsapp   z,1,
a whatsapp   y,1,
a traduttore,1,
a traducl y,1,
a tiktook,1,
a tiktok x,1,
a tiktok j,1,
a tiktok 5,1,
a tiiktok,1,
a tetok,1,
a telefono,1,
a sbb mobile,1,
a s   ee  ee,1,
a3,1,
a roblox,1,
a pd 6,1,
a p,1,
a oy  1,1,
a netflix,1,
a mobile ffs,1,
a mele  5,1,
a lovoo,1,
a life360 y,1,
a last day on earth  survival 5,1,
a instagram z,1,
a inet,1,
a zen match,1,
a4,1,
ae clash of clans ,1,
ad whatsapp 5,1,
ae calendario,1,
ae animalrestaurant,1,
ae ai minuti ic,1,
ae a 2  pees pee,1,
ae 88,1,
ae 47,1,
ae 38,1,
ae 164,1,
ae 12,1,
ae  subways,1,
ae   74,1,
admin,1,
ad  whatsapp,1,
a404,1,
acy,1,
acqua  2 5,1,
acmil,1,
ab,1,
aan 84,1,
aan 232,1,
aa9q,1,
aa tiktok y,1,
aa calcolatrice,1,
aa 63,1,
aa 12,1,
aa,1,
as mobile fs,1,
atar  7,1,
ch tiktok lh,1,
c zalando,1,
calculator,1,
calcolattice,1,
caftari,1,
ca y,1,
ca 5,1,
ca,1,
c5 foto e,1,
c3 calcolatrice 5,1,
c2 foto,1,
c1 tiktok 5,1,
c1 tiktok,1,
c1  tiktok,1,
c whatsapp,1,
call of duty 2,1,
c tiktok y,1,
c tiktok 5,1,
c tctok,1,
c fifa mobile,1,
c a ,1,
c  youtube music,1,
c  tiktok y,1,
c  tiktok 4,1,
c  safari,1,
c  ricette giallozafferano it,1,
c  mete    y,1,
c  mete,1,
calendario y,1,
cameos mania,1,
c  google ch,1,
ce 14,1,
ch   tiktok,1,
cf x,1,
cf tiktok y,1,
cf tikto,1,
cf im,1,
cf 35,1,
cf 31,1,
cf 29,1,
cf 06,1,
ce tiktok,1,
ce coloring match,1,
ce codycross 5,1,
ce  kamera y,1,
camera,1,
cdt live,1,
cd tiktox th21m,1,
cd tiktox th10m,1,
cd tiktok y,1,
cd tiktok th13m,1,
cd,1,
cc samere,1,
cc  google ch x,1,
cats are liquid r,1,
catari,1,
cancut,1,
can head ball 2,1,
c  melte,1,
c   telefono,1,
atarl,1,
b a a,1,
be 61,1,
be 54,1,
be 38,1,
be 17,1,
be 1 al,1,
be  98,1,
basketballarena,1,
bandlab,1,
ba total 5,1,
ba fe,1,
b snapchat ,1,
b ge board kings,1,
b a,1,
be 77,1,
b  presentazioni,1,
ay tiiktok y,1,
ay impostazioni,1,
ay game of sultans,1,
ay clash royale,1,
aw,1,
auto theorie fahrlehrer    5,1,
auto theorie fahrlehrer,1,
au 19,1,
attivazioni schermo,1,
atl 6,1,
ate,1,
be 74,1,
be 79,1,
by 8,1,
bn 7,1,
bw twitch,1,
bsc yb,1,
bring,1,
brawl stars,1,
bq min,1,
bp,1,
bolt   5,1,
bol,1,
boe ce a ee ee,1,
bo aha min,1,
bo 20,1,
bo 13,1,
bn 37,1,
be 97,1,
bn 32,1,
bn 13,1,
blue tv,1,
blue news,1,
blockudoku,1,
block puzzles i,1,
block puzzles,1,
bi call of duty,1,
bh,1,
beatstar,1,
be photomath,1,
be a7,1,
a iktok,1,
a i,1,
a hay day 5,1,
3 promemoria,1,
4 cinema hd v2,1,
4 aprile,1,
4 15 56 1,1,
4  onefootbal x,1,
39m,1,
39 allenamento con manubri a ca,1,
35 6,1,
34   king s choice,1,
33m,1,
30 marzo,1,
3 tiles,1,
3 promemoria y,1,
3 meteoswiss,1,
4 e b,1,
3 impostazioni,1,
3 gallery,1,
3 aprile,1,
3 7,1,
3  pvzheroes,1,
3  plague inc,1,
3  instagram 2,1,
3  instagram,1,
3   am sober,1,
2h50m,1,
2h 37 min 54 min 12 min,1,
2d whatsapp y,1,
4 clash royale y,1,
4 mobile ffs,1,
27  9,1,
5a art puzzle,1,
6bmin,1,
6 tiktok 5,1,
6 madfut,1,
6 life360 ,1,
6 fotocamera,1,
6 aprile,1,
6  tiktok th27m,1,
6  fotocamera,1,
6  camera,1,
5o,1,
5im,1,
5h 33 min 4h 50 min 7 min,1,
59  that level again,1,
4 nessuna 0,1,
53 4,1,
5-Apr,1,
5 90,1,
5 29,1,
5  snapchat,1,
4h 49 min 17 min 14 min,1,
41 4,1,
40m 35m 21m,1,
40m,1,
40,1,
4 votelnfo,1,
4 onefootball y,1,
2d whatsapp,1,
26 4,1,
a farm heroes saga,1,
12 02 na     ex bule,1,
1d tiktok,1,
18 marzo,1,
17 marzo,1,
17 attivazione schermo totale,1,
16 marzo,1,
153  that level again,1,
15 marzo,1,
15 in totale,1,
13 marzo,1,
13 4,1,
120,1,
12 marzo,1,
119 4,1,
1h,1,
1 lat ow  at csnlba,1,
1 clash royale,1,
1 2 3,1,
08 duolingo,1,
0 picsart,1,
0 orologio ,1,
0 netti y,1,
0 0 duolingo y,1,
0  pok mon go,1,
0  orologio ,1,
0  insc2 c feg id z,1,
0  fotocamera 5,1,
1g,1,
1h 16m 58m 35m,1,
23 4 player games,1,
2 orologio,1,
22 mazes path of light,1,
22 madfut,1,
22 in totale,1,
22 eee   46,1,
21m,1,
2000,1,
200,1,
20 in totale,1,
2 youtube i,1,
2 whatsapp ,1,
2 snapchat,1,
2:00 PM,1,
2 mete,1,
1h17m,1,
2 hay day min,1,
2 foto,1,
2 ethica y,1,
2 7,1,
2 184,1,
2  youtube 4,1,
2  tiktok,1,
2  instagram,1,
2,1,
1th53min 12min 12min,1,
1h42m,1,
1h27m,1,
6d tiktok 5,1,
7    safari,1,
7    whatsapp,1,
a 24,1,
a 44,1,
a 413,1,
a 38,1,
a 37,1,
a 35,1,
a 33,1,
a 328,1,
a 283,1,
a 274,1,
a 268,1,
a 267,1,
a 26,1,
a 235,1,
a 49,1,
a 222,1,
a 220,1,
a 22,1,
a 205,1,
a 198,1,
a 170,1,
a 17,1,
a 168,1,
a 16,1,
a 158,1,
a 155,1,
a 153,1,
a 48,1,
a 51,1,
7   ethica   i,1,
a 83,1,
a es 121,1,
a eee bt min,1,
a contacts,1,
a clash royale,1,
a castle crush ,1,
a camera,1,
a ambcmaniial,1,
a 96,1,
a 95,1,
a 92,1,
a 85,1,
a 84,1,
a 82,1,
a 52,1,
a 79,1,
a 75,1,
a 73,1,
a 71,1,
a 70,1,
a 67,1,
a 63,1,
a 62,1,
a 60,1,
a 58,1,
a 57,1,
a 56,1,
a 152,1,
a 137,1,
a 129,1,
7 foto,1,
800,1,
8 snapenat,1,
8 snapenal,1,
8 snapchat s,1,
8 marzo,1,
7a,1,
700,1,
7 to,1,
7 raloin,1,
7 r  episode   y,1,
7 oto y,1,
7 marzo,1,
7 7,1,
a 127,1,
7 32,1,
7 25,1,
7 144,1,
7 131,1,
7 128,1,
7 10,1,
7  statistiche instagram,1,
7  episode,1,
7  8 8,1,
7  8     yal,1,
7   ethica i,1,
7   ethica 5,1,
9,1,
9 206,1,
9 orologio,1,
9 xz,1,
a 123,1,
a 119,1,
a 109,1,
a 107,1,
a 105,1,
a 1,1,
a  translate,1,
a  tiktok,1,
a  snapchat,1,
a  p 19,1,
a  p,1,
a  min,1,
a  instagram   a,1,
a  fotocamera,1,
a  clash of clans,1,
a  camera,1,
a  a,1,
a  39,1,
a   r,1,
a   asti ticino ch,1,
a   63,1,
a    rl,1,
9y4,1,
9s smartthings ,1,
9g,1,
ch  tiktok,1,
ch tiktok s,1,
mobile ffs y,1,
ie 104,1,
ig  google ,1,
ify,1,
ifolor,1,
ieee 16,1,
ie photomath 5,1,
ie photomath,1,
ie kamera   y,1,
ie genshin impact y,1,
ie fotocamera y,1,
ie fotocamera 5,1,
ie fotocamera,1,
ie 186,1,
ie  kamera,1,
ig google 4,1,
ie,1,
id whatsapp,1,
id,1,
ic instagram,1,
ic,1,
iad 18,1,
ia  snapchat,1,
i google 5,1,
i clash royale,1,
i call of duty,1,
i 89,1,
i 72,1,
ig google 2,1,
ig google r,1,
i 50,1,
inetaqram,1,
inves live yul,1,
internet samsung ,1,
instagram th1m,1,
instagram th14m,1,
instagram th11m,1,
instagram q,1,
instagram nc,1,
instagram   4,1,
instagram   32,1,
instagk ey,1,
inne 36,1,
info liceobellinzona ch 5,1,
inetanram,1,
ih,1,
incetanram,1,
imslp,1,
impostaziont,1,
impostazioni 7 5,1,
imovie y,1,
iktok,1,
ik p,1,
ik 24,1,
0  fotocamera,1,
iigeniodellostreaming review,1,
ih 56,1,
ih 45,1,
i 51,1,
i 48,1,
io 26,1,
guitartuna,1,
he fitbit y,1,
he   hom,1,
hat,1,
happy colour,1,
hacker,1,
h tiktok y,1,
h,1,
gy total,1,
gy tiktok ey,1,
gy tiktok,1,
gy snapchat 4,1,
gw   w coafari,1,
guitar tuner 5,1,
head ball 2,1,
guitar tuner,1,
guardaserie reisen,1,
guardaserie fyi,1,
gs poogie y,1,
gs google 5,1,
gs google   y,1,
google play store,1,
google maps x,1,
google i,1,
google drive   dateispeicher,1,
google   2,1,
googl,1,
he voice memos,1,
helsana,1,
i 43,1,
i 14,1,
i 42,1,
i 325,1,
i 32,1,
i 270,1,
i 26,1,
i 244,1,
i 243,1,
i 213,1,
i 18,1,
i 16,1,
i 149,1,
i 140,1,
i 11,1,
helsanat,1,
i  whatsapp ,1,
i  instagram,1,
i  info liceobellinzona ch,1,
i  calendario ,1,
i  13,1,
i   whatsapp ,1,
hoyolab   y,1,
hockeylnfo,1,
hockeylinfo,1,
ho 16,1,
ho  117,1,
hes 7,1,
io,1,
io fotocamera y,1,
chess,1,
m wet,1,
me 282,1,
me,1,
may day,1,
mappe,1,
mamomaalia,1,
mai,1,
magal ers,1,
madal ers,1,
madal  ers,1,
ma wet,1,
ma  whatsapp,1,
m whatsapp,1,
m netflix a 5,1,
me mail,1,
m  keynote,1,
m  hogwarts mystery,1,
ly,1,
lun mar mer gio ven sab dom,1,
ltail   4  a xm,1,
lt 48,1,
lp,1,
loe as,1,
locket y,1,
local  local ch,1,
lo 3,1,
lo 13,1,
me ee  y,1,
me subway surf,1,
lk am 73 4,1,
mete  7 y,1,
mobile ffs 5,1,
mo n,1,
mo ee ee ee ee ee th ba min,1,
mo 15,1,
mo,1,
mnaisapp,1,
mm mail,1,
mk hogwarts mystery,1,
minesweeper,1,
min,1,
meyt,1,
meteoswiss 5,1,
mete  7,1,
me zoom,1,
messagsl,1,
messagg,1,
messages,1,
messaga,1,
mene  ae,1,
memo vocali x,1,
melte,1,
melke  os,1,
melie  7,1,
mele,1,
mejie  y,1,
meio,1,
ln   galleria ,1,
lj,1,
io snapchat,1,
j 15 4,1,
js tiktok,1,
js,1,
joe b,1,
jf,1,
je even,1,
jd tiktok,1,
j tiktok 5,1,
j mnesene,1,
j i,1,
j as,1,
j 30,1,
j 17,1,
j  3,1,
jt tiktok,1,
iv   episode,1,
is tiktok,1,
is i,1,
is 49,1,
is 47,1,
is 23,1,
is 20,1,
is  whatsapp ,1,
ire  discord   4,1,
ir tiktok,1,
ip 39,1,
io whatsapp y,1,
js z,1,
k,1,
linkedin,1,
le 79,1,
limitazioni,1,
life360 y,1,
life360 g,1,
life3,1,
li o,1,
leri  24 marzo,1,
leri  23 marzo,1,
leri  20 marzo,1,
lep s world 3 y,1,
lep s world 3 5,1,
leo,1,
lee  discord   4,1,
le,1,
k snapchat,1,
latin it,1,
last day on earth  survival y,1,
lan,1,
la ee,1,
la 21,1,
la,1,
l dims g rw ue,1,
kuma sushi bar 4,1,
keynote,1,
kde connect ,1,
karten,1,
kalender,1,
golf battle,1,
go x,1,
go  cafari,1,
e impostazioni x,1,
e whatsapp 7,1,
e tiktok,1,
e spotify y,1,
e spotify 5,1,
e snapchat,1,
e safari,1,
e prime video y,1,
e oo coloring match,1,
e moodle edu ti ch x,1,
e moodle edu ti ch,1,
e mail,1,
e m etrhica,1,
e impostazioni 5,1,
ea pp,1,
e genshin impact,1,
e foto 7,1,
e banking,1,
e 6,1,
e 13,1,
e  youtube y,1,
e  youtube music lh4m,1,
e  youtube music lh37m,1,
e  spotify,1,
e  fthica,1,
e  chrome ,1,
duolingo,1,
e wnatsapp,1,
ea pp o,1,
doc studenti it,1,
ee an,1,
eee ee ee eee ee ee ee eee 60,1,
eee 89,1,
eee 45,1,
eee 174,1,
eee 125,1,
eee   1  8,1,
eee,1,
ee youtube a,1,
ee ti tt   l,1,
ee orologio 5,1,
ee genshin impact,1,
ee ed,1,
ee 93,1,
ec tiktok,1,
ee 91,1,
ee 86,1,
ee 6,1,
ee 47,1,
ee 46,1,
ee 42,1,
ee 40,1,
ee 31,1,
ee 191,1,
ee 19,1,
ee  imnanetazjinni,1,
ee    thtmin,1,
dq whatsapp o,1,
denver smart home y,1,
gmail r,1,
co kamera,1,
crtnnamary,1,
cramolomealia,1,
cr ethica y,1,
cq,1,
cp tiktok x,1,
cookin gubedeihdetieee,1,
context reverso net,1,
conotifiche,1,
comandi,1,
cody   5,1,
co whatsapp y,1,
co whatsapp,1,
co instagram,1,
cs,1,
co 4,1,
co 1,1,
co  w nat s ace 5,1,
co  tiktok,1,
clomaalial,1,
clock y,1,
cloc,1,
clash royale y,1,
cl,1,
chrome th13m,1,
chrome i,1,
chrome ,1,
crunchyroll,1,
cs   streamingcommunity bond,1,
denver smart home,1,
cy,1,
dag   23,1,
d tiktok,1,
d pinterest,1,
d pepop,1,
d orologio y,1,
d depop,1,
d  whatsapp y,1,
d  whatsapp 5,1,
d  pinterest,1,
cy safari y,1,
cy safari x,1,
cy  lock y,1,
cululun lcuwwh to a,1,
cs mele,1,
cube acr,1,
cu,1,
ct tiktok   2,1,
ct ikto,1,
ct  tiktok,1,
ct   tiktok ,1,
ct   tiktok,1,
cstimer net,1,
cs tiktok y,1,
cs rote,1,
cs pp m,1,
cs melke    y,1,
eee eee  84,1,
ef game plugins ,1,
elke,1,
fs 9,1,
fy 3nap,1,
fy 16,1,
fy 14,1,
fy 12,1,
fy 11,1,
fy 1,1,
fy  19,1,
fx tiktok,1,
fw  wow,1,
fw   whatsapp,1,
ft mero,1,
ft,1,
fs 7,1,
fy 7,1,
fs 34,1,
fs   ethica a,1,
fs,1,
fri  mar 11,1,
fr chess x,1,
fp samsung notes,1,
fotocamera   4,1,
foto 5,1,
foto 2,1,
foto   ee,1,
fos   ethica x,1,
foe  r,1,
fy 3nep 5,1,
fy snapchat,1,
em cthirr,1,
galleria 4,1,
gmail  ,1,
gm eletext y,1,
gm disney,1,
geometry lite 5,1,
genslhtieiae0gi 5,1,
genius scan x,1,
ge istrip,1,
ge investing com,1,
gc  youtube music 1lh18m,1,
gc  youtube music ,1,
gc  youtube music,1,
game launcher   ,1,
galleria   a,1,
g   2,1,
galeria,1,
g4 a 887,1,
g o,1,
g hooked inc,1,
g google y,1,
g google i,1,
g google 5,1,
g camera ,1,
g camera,1,
g ad,1,
g 7,1,
g  google ch,1,
fl,1,
fitv,1,
fishdom y,1,
eo impostazioni y,1,
es impostazioni,1,
es genshin impact x,1,
es 7,1,
es 25,1,
es 116,1,
es   smartthings ,1,
eq  cretesio y,1,
episode,1,
eo youtube q,1,
eo youtube music,1,
eo snapchat y,1,
eo messaggi y,1,
entertainment,1,
fishdom x,1,
ent note,1,
enn 4g,1,
ene 68,1,
ene 307,1,
en wow,1,
en galleria ,1,
en discord   3,1,
en   galleria ,1,
en   f  1  0 00  7        ee,1,
emmme 57m,1,
em ssconer   8,1,
em m fethica,1,
es safari 5,1,
es whatsapp ,1,
esound y,1,
ethica   y,1,
finch,1,
filo ,1,
fi instagram,1,
fi,1,
fh tiktok,1,
ff  epi,1,
ff,1,
fete,1,
fe i   gf       g,1,
fe genshin impact,1,
fast transfer mess   ,1,
farm heroes saga,1,
fantaamici,1,
fa eni,1,
f tik to k cee 5,1,
f facebook y,1,
f  safari,1,
f  orologio,1,
f  facebook,1,
ex orologio,1,
ew 4,1,
eurosport y,1,
etnica y,1,
etnica,1,
ethica im,1,
iis water sort puzzle,1,
